CREATE DATABASE  A_RealLife_Data_Analyst_Case_Study
USE A_RealLife_Data_Analyst_Case_Study

CREATE TABLE users ( 
userid INT PRIMARY KEY ,
signup_date DATE
);

CREATE TABLE user_name(
userid INT PRIMARY KEY ,
user_name VARCHAR (50),
FOREIGN KEY (userid) REFERENCES users(userid)
);

CREATE TABLE goldusers_signup(
userid INT PRIMARY KEY,
gold_signup_date DATE,
FOREIGN KEY (userid) REFERENCES users(userid)
);

CREATE TABLE products (
product_id INT PRIMARY KEY ,
product_name VARCHAR(100),
price INT 
);

CREATE TABLE sales (sales_id INT IDENTITY(1,1) PRIMARY KEY,
userid INT  ,
created_date DATE ,
product_id INT 
FOREIGN KEY (userid) REFERENCES users(userid),
FOREIGN KEY (product_id) REFERENCES products (product_id)
);

INSERT INTO users 
 (userid,signup_date)
 VALUES
 (1, '2014-09-02'),
 (2,'2015-01-15'),
 (3,'2014-04-11'),
 (4,'2015-11-17'),
 (10,'2016-01-02'),
 (9,'2016-01-02'),
 (7,'2013-04-02'),
 (8,'2013-12-15'),
 (5,'2015-09-08'),
 (6,'2014-09-13');

 INSERT INTO user_name 
 (userid,user_name)
 VALUES
 (1,'Anshul'),
 (2,'Rohan'),
 (3,'Shreya'),
 (4,'Priya'),
 (5,'Aryan'),
 (6,'Sara'),
 (7,'Sahil'),
 (8,'Tanvi'),
 (9,'Ritika'),
 (10,'Gaurav');

 INSERT INTO products
 (product_id,product_name,price)
 VALUES 
 (1,'Dal Makani',160),
 (2,'Shahi Paneer',170),
 (3,'Butter Chiken',340),
 (4,'Aloo Gobi',150),
 (5,'Chole Bhature',100),
 (6,'Fish Curry',380),
 (7,'Chiken Tikka',300),
 (8,'Mutton Biryani',450),
 (9,'Veg Pulao',200),
 (10,'Mango Lassi',80),
 (11,'Gulab Jamun',100)
 ;
 
 INSERT INTO goldusers_signup 
 (userid,gold_signup_date)
 VALUES
 (1, '2014-09-02'),
 (2,'2015-01-15'),
 (3,'2014-04-11'),
 (4,'2015-11-17'),
 (10,'2016-01-02'),
 (9,'2016-01-02'),
 (7,'2013-04-02'),
 (8,'2013-12-15'),
 (5,'2015-09-08'),
 (6,'2014-09-13');
INSERT INTO sales
(userid,created_date,product_id)
VALUES
(1,'2017-04-19',2),
(3,'2019-12-18',1),
(2,'2020-07-20',3),
(1,'2019-10-23',2),
(1,'2018-03-19',3),
(3,'2016-12-20',2),
(1,'2016-11-09',1),
(1,'2016-05-20',3),
(2,'2019-10-23',1),
(1,'2018-03-19',2),
(1,'2016-12-20',1),
(3,'2016-11-09',1),
(3,'2016-05-20',2),
(3,'2017-09-24',2),
(2,'2017-03-11',2),
(2,'2016-03-11',3),
(4,'2016-11-10',1),
(5,'2017-12-07',3),
(6,'2016-12-15',9),
(7,'2017-11-08',8),
(8,'2018-09-10',7),
(9,'2019-05-01',6),
(10,'2018-11-23',2),
(4,'2017-12-04',1),
(10,'2018-09-22',2),
(4,'2020-08-17',1),
(5,'2017-05-12',10),
(6,'2014-01-27',11),
(7,'2014-04-02',7),
(8,'2020-12-15',8),
(9,'2017-09-08',8);

--QUERIES
--Q1. What is the total sales revenue generated by each product? 
SELECT 
    p.product_name,
    COUNT(s.sales_id) AS total_sales,
    SUM(p.price) AS total_sales_revenue
FROM sales s
JOIN products p
    ON s.product_id = p.product_id
GROUP BY p.product_name
ORDER BY total_sales_revenue DESC;

--Q2. Which 3 product has the highest sales revenue?
SELECT TOP 3
 p.product_name ,
 COUNT(s.sales_id) AS total_sales,
 SUM(p.price) AS highest_sales_revenue
 FROM sales s
 JOIN products p
      ON s.product_id= p.product_id
	  GROUP BY p.product_name
	  ORDER BY highest_sales_revenue DESC;

--Q3. How many users have signed up for the service and has taken the gold membership?
SELECT 
      (SELECT COUNT(*) FROM users) AS total_users,
	  (SELECT COUNT(*) FROM goldusers_signup) AS gold_users;
	  
--Q4. What is the revenue generated from gold users? 
SELECT 
      SUM(p.price) AS gold_users_revenue
FROM sales s
JOIN products p
ON s.product_id=p.product_id
JOIN goldusers_signup g
ON s.userid=g.userid;

--Q5. What is the total revenue generated from gold users?
SELECT 
SUM(p.price) AS total_revenue_goldusers
FROM sales s
JOIN products p
ON s.product_id=p.product_id
JOIN goldusers_signup g
ON s.userid=g.userid;

--Q6. Which users has been a gold user for the How much of time?
SELECT 
u.userid,
un.user_name,
g.gold_signup_date,
DATEDIFF(YEAR,g.gold_signup_date,GETDATE()) AS years_as_gold_member,
DATEDIFF(MONTH,g.gold_signup_date,GETDATE()) AS months_as_gold_member
FROM goldusers_signup g
JOIN users u
ON g.userid =u.userid
JOIN user_name un
ON u.userid=un.userid
ORDER BY g.gold_signup_date;

--Q7. What is the most popular product among gold users? 
SELECT TOP 1
p.product_name,
COUNT(s.sales_id) AS total_orders
FROM sales s
JOIN products p
ON s.product_id=p.product_id
JOIN goldusers_signup g
ON s.userid=g.userid
GROUP BY p.product_name
ORDER BY total_orders DESC;

--Q8. What is the total sales revenue generated in each year? 
SELECT 
YEAR (s.created_date) AS sales_year,
SUM (p.price) AS total_sales_revenue
FROM sales s 
JOIN products p
ON s.product_id = p.product_id
GROUP BY YEAR(s.created_date)
ORDER BY sales_year;

--Q9. How has the sales revenue changed over the years? 
SELECT 
sales_year ,
total_revenue,
total_revenue -LAG(total_revenue)
OVER (ORDER BY sales_year) AS revenue_change
FROM (
SELECT 
YEAR (s.created_date) AS sales_year,
SUM (p.price) AS total_revenue
FROM sales s
JOIN products p
ON s.product_id=p.product_id
GROUP BY YEAR (s.created_date)
)t;

--Q10. What is the average Gold-signup compare to just sign up for the users? 
SELECT 
COUNT(DISTINCT g.userid)* 100.0/COUNT(DISTINCT u.userid)
AS gold_signup_percentage 
FROM users u
LEFT JOIN goldusers_signup g
ON u.userid=g.userid
;

--Q11. How many gold members users have order how many numbers of time ?
SELECT 
g.userid ,
un.user_name,
COUNT (s.sales_id ) AS total_orders
FROM goldusers_signup g
JOIN sales s
ON g.userid=s.userid
JOIN user_name un
ON g.userid=un.userid
GROUP BY g.userid, un.user_name
ORDER BY total_orders DESC;

--Q12. What is the total amount each customer spend on Online Food Delivery? 
SELECT 
u.userid,
un.user_name,
SUM (p.price)AS total_amount_spent
FROM sales s
JOIN products p
ON s.product_id =p.product_id
JOIN users u
ON u.userid=s.userid
JOIN user_name un
ON u.userid =un.userid
GROUP BY u.userid,un.user_name
ORDER BY total_amount_spent DESC;

--Q13. What is the frequency of customer visits to the online platform? 

SELECT 
u.userid ,
un.user_name,
COUNT(s.sales_id) AS total_visits
FROM sales s
JOIN users u
ON s.userid =u.userid
JOIN user_name un
ON u.userid=un.userid
GROUP BY u.userid,un.user_name
ORDER BY total_visits DESC;

--Q14. What was the first order purchase by each customer ? 
SELECT 
userid,
user_name,
product_name,
created_date
FROM (
SELECT
s.userid,
un.user_name,
p.product_name,
s.created_date,
ROW_NUMBER ()
OVER (PARTITION BY s.userid ORDER BY s.created_date) AS rn
FROM sales s
JOIN products p
ON s.product_id = p.product_id
JOIN user_name un
ON s.userid =un.userid
)t
WHERE rn =1
ORDER BY userid;

/*Q15. What is the most purchase item on the menu and how many 
times was it purchased by all customers? 
*/
SELECT TOP 1
p.product_name,
COUNT (s.sales_id) AS total_purchases
FROM sales s
JOIN products p
ON s.product_id=p.product_id
GROUP BY p.product_name
ORDER BY total_purchases DESC
;

--Q16. Which item was most popular for each customer ?
SELECT 
userid,
user_name,
product_name,
purchase_count
FROM (
SELECT s.userid,
un.user_name,
p.product_name,
COUNT(*) AS purchase_count,
ROW_NUMBER()OVER(PARTITION BY s.userid
                 ORDER BY COUNT(*)DESC) 
				 AS rv
FROM sales s
JOIN products p
ON s.product_id=p.product_id
JOIN user_name un
ON s.userid=un.userid
GROUP BY s.userid,un.user_name,p.product_name
)t
WHERE rv =1 
ORDER BY userid;

/*Q17. Which item was purchase first by the customer after they 
become a member ? */
SELECT 
userid,
user_name,
product_name,
created_date
FROM (
SELECT 
s.userid,
un.user_name,
p.product_name,
s.created_date,
ROW_NUMBER()OVER (PARTITION BY s.userid ORDER BY s.created_date)
 AS rv
 FROM sales s
 JOIN goldusers_signup g ON s.userid=g.userid
 JOIN products p ON s.product_id=p.product_id
 JOIN user_name un ON s.userid=un.userid
 WHERE s.created_date>= g.gold_signup_date
 )s
 WHERE rv =1
 ORDER BY userid;

 --Q18.Which item was purchase before the customer become a member ?
 SELECT userid,user_name,product_name,
 created_date
 FROM (
 SELECT s.userid,
 un.user_name,
 p.product_name,
 s.created_date,
 ROW_NUMBER() OVER (PARTITION BY s.userid 
 ORDER BY s.created_date DESC) AS rv
 FROM sales s
 JOIN goldusers_signup g ON s.userid=g.userid
 JOIN products p ON s.product_id=p.product_id
 JOIN user_name un ON s.userid=g.userid
 WHERE s.created_date<g.gold_signup_date)s
 WHERE rv=1
 ORDER BY userid;

 --Q19. What is the total orders and amount spent for each member before they become a member ?
 SELECT g.userid,un.user_name,
 COUNT(s.sales_id) AS total_orders_before_gold,
 SUM (p.price) AS total_amount_spent_before_gold
 FROM goldusers_signup g
 JOIN sales s
 ON g.userid=s.userid
 JOIN products p
 ON p.product_id=s.product_id
 JOIN user_name un
 ON g.userid=un.userid
 WHERE s.created_date<g.gold_signup_date
 GROUP BY g.userid,un.user_name
 ORDER BY total_amount_spent_before_gold DESC;

 /*Q20. Rank all the transactions for each member whenever they are 
a XYZ gold member for every non gold member Transaction marks 
as na ? */
SELECT s.userid,un.user_name,
s.created_date,p.product_name,
CASE WHEN 
s.created_date>=g.gold_signup_date
THEN
RANK() OVER (PARTITION BY s.userid 
             ORDER BY s.created_date)
			 ELSE NULL
		END AS gold_transaction_rank
FROM sales s
LEFT JOIN goldusers_signup g
ON s.userid=g.userid
JOIN products p  ON s.product_id=g.userid
JOIN user_name un ON s.userid=un.userid
ORDER BY s.userid,s.created_date;